{"designerVersion":"1.0.0.RC2","id":"b003d7d9-5441-4071-b6df-71c0c4f470f8","name":"procurementRequestListing","type":"page","lastUpdate":1434538807355,"rows":[[{"type":"component","dimension":{"xs":12},"propertyValues":{"cssClasses":{"type":"constant","value":""},"hidden":{"type":"constant","value":false},"text":{"type":"constant","value":"Procurement requests"},"level":{"type":"constant","value":"Level 2"},"alignment":{"type":"constant","value":"left"}},"reference":"66cb6986-e6eb-48ce-8183-9c6d32a60b3a","id":"pbTitle"}],[{"type":"component","dimension":{"xs":10},"propertyValues":{"cssClasses":{"type":"constant","value":""},"hidden":{"type":"constant","value":false},"text":{"type":"constant","value":"<b>Select a request to view more details</b>"},"alignment":{"type":"constant","value":"left"}},"reference":"4b08638b-42eb-4d9a-99ff-8822567f068e","id":"pbText"},{"type":"component","dimension":{"xs":2},"propertyValues":{"cssClasses":{"type":"constant","value":""},"hidden":{"type":"constant","value":false},"text":{"type":"constant","value":"+ New Request"},"targetUrl":{"type":"data","value":"getProcurementProcessStartUrl"},"alignment":{"type":"constant","value":"right"},"buttonStyle":{"type":"constant","value":"primary"}},"reference":"3317f307-2aab-45b1-adb7-609718ebd125","id":"pbLink"}],[{"type":"component","dimension":{"xs":12},"propertyValues":{"cssClasses":{"type":"constant","value":""},"hidden":{"type":"constant","value":false},"headers":{"type":"constant","value":["Summary","Creation date","Created by","Status","Completion date","Selected supplier"]},"content":{"type":"data","value":"allRequests"},"columnsKey":{"type":"constant","value":["summary","creationDate | date","createdBy","status","completionDate | date","selectedSupplier.name"]},"selectedRow":{"type":"data","value":"request"}},"reference":"724c0ccb-ccd3-411b-9f66-8ca5de87514d","id":"pbTable"}],[{"type":"container","dimension":{"xs":12},"propertyValues":{"cssClasses":{"type":"constant","value":""},"hidden":{"type":"data","value":"request == null"},"repeatedCollection":{"type":"data","value":""}},"reference":"787f73b9-4955-44b3-9284-b7ae42708133","rows":[[{"type":"component","dimension":{"xs":12},"propertyValues":{"cssClasses":{"type":"constant","value":""},"hidden":{"type":"constant","value":false},"text":{"type":"constant","value":"<hr/>"},"alignment":{"type":"constant","value":"left"}},"reference":"41d17028-1cc4-4ae1-ac3f-06da630d7ad9","id":"pbText"}],[{"type":"component","dimension":{"xs":12},"propertyValues":{"cssClasses":{"type":"constant","value":""},"hidden":{"type":"constant","value":false},"text":{"type":"constant","value":"Request details"},"level":{"type":"constant","value":"Level 4"},"alignment":{"type":"constant","value":"left"}},"reference":"05b930b3-5cd4-409a-bdd5-ee77e906e6c9","id":"pbTitle"}],[{"type":"container","dimension":{"xs":1},"propertyValues":{"cssClasses":{"type":"constant","value":""},"hidden":{"type":"constant","value":false},"repeatedCollection":{"type":"data","value":""}},"reference":"c02e8129-f4b3-43e5-8178-8240ee51553a","rows":[[]]},{"type":"container","dimension":{"xs":11},"propertyValues":{"cssClasses":{"type":"constant","value":""},"hidden":{"type":"constant","value":false},"repeatedCollection":{"type":"data","value":""}},"reference":"41eef35d-8203-4165-9f4c-7f7d28011dfc","rows":[[{"type":"component","dimension":{"xs":2},"propertyValues":{"cssClasses":{"type":"constant","value":""},"hidden":{"type":"constant","value":false},"text":{"type":"constant","value":"<b>Summary</b>"},"alignment":{"type":"constant","value":"left"}},"reference":"cc09b1f2-29c4-43c2-be20-949e14df7495","id":"pbText"},{"type":"component","dimension":{"xs":4},"propertyValues":{"cssClasses":{"type":"constant","value":""},"hidden":{"type":"constant","value":false},"text":{"type":"constant","value":"{{request.summary}}"},"alignment":{"type":"constant","value":"left"}},"reference":"635572eb-c449-482c-9d05-b3057c60d4a1","id":"pbText"},{"type":"component","dimension":{"xs":2},"propertyValues":{"cssClasses":{"type":"constant","value":""},"hidden":{"type":"constant","value":false},"text":{"type":"constant","value":"<b>Status</b>"},"alignment":{"type":"constant","value":"left"}},"reference":"2726ef1f-fe66-41d3-aad0-7e31012b4e51","id":"pbText"},{"type":"component","dimension":{"xs":4},"propertyValues":{"cssClasses":{"type":"constant","value":""},"hidden":{"type":"constant","value":false},"text":{"type":"constant","value":"{{request.status}}"},"alignment":{"type":"constant","value":"left"}},"reference":"e5652470-5523-46c4-b9b9-73895c9ec425","id":"pbText"}],[{"type":"component","dimension":{"xs":2},"propertyValues":{"cssClasses":{"type":"constant","value":""},"hidden":{"type":"constant","value":false},"text":{"type":"constant","value":"<b>Description</b>"},"alignment":{"type":"constant","value":"left"}},"reference":"d5d46777-ed8a-4a66-8cf0-f53ad543a148","id":"pbText"},{"type":"component","dimension":{"xs":10},"propertyValues":{"cssClasses":{"type":"constant","value":""},"hidden":{"type":"constant","value":false},"text":{"type":"constant","value":"{{request.description}}"},"alignment":{"type":"constant","value":"left"}},"reference":"666543f5-f12e-4fc9-825e-1a2489cb88a6","id":"pbText"}],[{"type":"component","dimension":{"xs":2},"propertyValues":{"cssClasses":{"type":"constant","value":""},"hidden":{"type":"constant","value":false},"text":{"type":"constant","value":"<b>Creation date</b>"},"alignment":{"type":"constant","value":"left"}},"reference":"41ebcf09-ae7c-4405-a6fd-cfedb9d31d3b","id":"pbText"},{"type":"component","dimension":{"xs":4},"propertyValues":{"cssClasses":{"type":"constant","value":""},"hidden":{"type":"constant","value":false},"text":{"type":"constant","value":"{{request.creationDate | date}}"},"alignment":{"type":"constant","value":"left"}},"reference":"73aa33da-cee6-4f86-af8a-05b6aef8f323","id":"pbText"},{"type":"component","dimension":{"xs":2},"propertyValues":{"cssClasses":{"type":"constant","value":""},"hidden":{"type":"constant","value":false},"text":{"type":"constant","value":"<b>Created by</b>"},"alignment":{"type":"constant","value":"left"}},"reference":"c8dff7a3-88af-41b5-99b5-ad82c5e09f77","id":"pbText"},{"type":"component","dimension":{"xs":4},"propertyValues":{"cssClasses":{"type":"constant","value":""},"hidden":{"type":"constant","value":false},"text":{"type":"constant","value":"{{request.createdBy}}"},"alignment":{"type":"constant","value":"left"}},"reference":"7e25cb1b-6d07-4f78-a3e7-6e23619c1faa","id":"pbText"}],[{"type":"component","dimension":{"xs":2},"propertyValues":{"cssClasses":{"type":"constant","value":""},"hidden":{"type":"data","value":"request.completionDate == null"},"text":{"type":"constant","value":"<b>Completion date</b>"},"alignment":{"type":"constant","value":"left"}},"reference":"c6829627-b470-4788-b71f-35c3ac78e446","id":"pbText"},{"type":"component","dimension":{"xs":4},"propertyValues":{"cssClasses":{"type":"constant","value":""},"hidden":{"type":"data","value":"request.completionDate == null"},"text":{"type":"constant","value":"{{request.completionDate | date}}"},"alignment":{"type":"constant","value":"left"}},"reference":"6eb39726-aeec-4972-bcd4-2efb1d4c6b13","id":"pbText"},{"type":"component","dimension":{"xs":2},"propertyValues":{"cssClasses":{"type":"constant","value":""},"hidden":{"type":"data","value":"request.selectedSupplier == null"},"text":{"type":"constant","value":"<b>Selected supplier</b>"},"alignment":{"type":"constant","value":"left"}},"reference":"207557a0-eb7c-4e26-ac36-8357381fd4e6","id":"pbText"},{"type":"component","dimension":{"xs":4},"propertyValues":{"cssClasses":{"type":"constant","value":""},"hidden":{"type":"data","value":"request.selectedSupplier == null"},"text":{"type":"constant","value":"{{request.selectedSupplier.name}}"},"alignment":{"type":"constant","value":"left"}},"reference":"8019d672-da5f-451f-9850-493d798d92c9","id":"pbText"}],[{"type":"component","dimension":{"xs":12},"propertyValues":{"cssClasses":{"type":"constant","value":""},"hidden":{"type":"data","value":"tasksFromRequest == null || tasksFromRequest.length == 0"},"text":{"type":"data","value":"tasksFromRequest[0].displayName"},"targetUrl":{"type":"data","value":"getTaskUrl"},"alignment":{"type":"constant","value":"center"},"buttonStyle":{"type":"constant","value":"primary"}},"reference":"4c7431f5-c690-48c0-9a1d-7bc70e0ba5d4","id":"pbLink"}]]}],[{"type":"component","dimension":{"xs":12},"propertyValues":{"cssClasses":{"type":"constant","value":""},"hidden":{"type":"constant","value":false},"text":{"type":"constant","value":"<hr/>"},"alignment":{"type":"constant","value":"left"}},"reference":"76572579-1328-4b07-8169-f633ec5cafcf","id":"pbText"}],[{"type":"component","dimension":{"xs":12},"propertyValues":{"cssClasses":{"type":"constant","value":""},"hidden":{"type":"constant","value":false},"text":{"type":"constant","value":"Quotations"},"level":{"type":"constant","value":"Level 4"},"alignment":{"type":"constant","value":"left"}},"reference":"7fe7f66a-bb36-4686-9047-2f8ebdd60b1e","id":"pbTitle"}],[{"type":"container","dimension":{"xs":1},"propertyValues":{"cssClasses":{"type":"constant","value":""},"hidden":{"type":"constant","value":false},"repeatedCollection":{"type":"data","value":""}},"reference":"5c60b3f2-ded0-44ab-8e81-653094f7a533","rows":[[]]},{"type":"container","dimension":{"xs":11},"propertyValues":{"cssClasses":{"type":"constant","value":""},"hidden":{"type":"constant","value":false},"repeatedCollection":{"type":"data","value":""}},"reference":"301828d3-4e42-4bf4-9d84-b58afaa0177a","rows":[[{"type":"component","dimension":{"xs":12},"propertyValues":{"cssClasses":{"type":"constant","value":""},"hidden":{"type":"constant","value":false},"headers":{"type":"constant","value":["Supplier","Status","Accepted","Proposed price","Comments"]},"content":{"type":"data","value":"requestQuotations"},"columnsKey":{"type":"constant","value":["supplier.name","status","hasSupplierAccepted | checkmark","proposedPrice | currency","comments"]},"selectedRow":{"type":"data"}},"reference":"67395a2b-3dca-4e05-b182-a01e2a853953","id":"pbTable"}]]}]]}]],"assets":[{"name":"customPageAssets.js","type":"js","order":1,"inactive":false}],"data":{"request":{"type":"constant","exposed":false},"allRequests":{"type":"url","value":"../API/bdm/businessData/com.company.model.Request?p=0&c=20&q=find","exposed":false},"requestQuotations":{"type":"url","value":"../API/bdm/businessData/com.company.model.Quotation?p=0&c=20&q=findFromRequest&f=id={{request.persistenceId}}","exposed":false},"getProcurementProcessStartUrl":{"type":"expression","value":"if ($data.procurementProcesses && $data.procurementProcesses.length) {\n    var process = $data.procurementProcesses[0];\n    return \"/bonita/portal/resource/process/\"+ encodeURI(process.name) +\"/\" + process.version + \"/content/?id=\" + process.id +\"&senderUrl=\"+ window.top.location.href;\n}","exposed":false},"procurementProcesses":{"type":"url","value":"/bonita/API/bpm/process?c=1&p=0&f=name=Procurement%20Request&o=deploymentDate","exposed":false},"tasksFromRequest":{"type":"url","value":"../API/bpm/humanTask?c=1&p=0&f=caseId={{request.caseId}}","exposed":false},"getTaskUrl":{"type":"expression","value":"if ($data.procurementProcesses && $data.procurementProcesses.length\r\n    && $data.tasksFromRequest && $data.tasksFromRequest.length) {\r\n    var process = $data.procurementProcesses[0];\r\n    var task = $data.tasksFromRequest[0];\r\n    return \"/bonita/portal/resource/taskInstance/\"+ encodeURI(process.name) +\"/\"+ encodeURI(process.version) +\"/\"+ encodeURI(task.name) +\"/content/?id=\"+ task.id +\"&senderUrl=\"+ window.top.location.href;\r\n}","exposed":false}}}