{"designerVersion":"1.0.0.RC2","id":"22b348dd-65be-4592-b6c3-fd0292899189","name":"supplierListing","type":"page","lastUpdate":1434538793199,"rows":[[{"type":"component","dimension":{"xs":12},"propertyValues":{"cssClasses":{"type":"constant","value":""},"hidden":{"type":"constant","value":false},"text":{"type":"constant","value":"Suppliers"},"level":{"type":"constant","value":"Level 2"},"alignment":{"type":"constant","value":"left"}},"reference":"149c2061-bf77-4cf9-b651-cdac562ff2bc","id":"pbTitle"}],[{"type":"container","dimension":{"xs":6},"propertyValues":{"cssClasses":{"type":"constant","value":""},"hidden":{"type":"constant","value":false},"repeatedCollection":{"type":"data","value":""}},"reference":"be62aa6c-27b3-4070-b1e5-49cd505e931d","rows":[[{"type":"component","dimension":{"xs":8},"propertyValues":{"cssClasses":{"type":"constant","value":""},"hidden":{"type":"constant","value":false},"text":{"type":"constant","value":"<b>Select a supplier to view more details</b>"},"alignment":{"type":"constant","value":"left"}},"reference":"2b6e6263-27a5-4293-953a-5305ea4e58b4","id":"pbText"},{"type":"component","dimension":{"xs":4},"propertyValues":{"cssClasses":{"type":"constant","value":""},"hidden":{"type":"constant","value":false},"text":{"type":"constant","value":"+ Create supplier"},"targetUrl":{"type":"data","value":"getCreateSupplierUrl"},"alignment":{"type":"constant","value":"right"},"buttonStyle":{"type":"constant","value":"primary"}},"reference":"834887e7-fc31-4ad7-8ad7-520e854f217d","id":"pbLink"}],[{"type":"component","dimension":{"xs":12},"propertyValues":{"cssClasses":{"type":"constant","value":""},"hidden":{"type":"constant","value":false},"headers":{"type":"constant","value":["Name","Description"]},"content":{"type":"data","value":"allSuppliers"},"columnsKey":{"type":"constant","value":["name","description"]},"selectedRow":{"type":"data","value":"supplier"}},"reference":"c248f1dd-cf15-4c89-9884-812d0c6789d2","id":"pbTable"}]]},{"type":"container","dimension":{"xs":6},"propertyValues":{"cssClasses":{"type":"constant","value":""},"hidden":{"type":"data","value":"supplier == null"},"repeatedCollection":{"type":"data","value":""}},"reference":"6eb70558-5c4e-416a-9568-adafbed96f93","rows":[[{"type":"component","dimension":{"xs":8},"propertyValues":{"cssClasses":{"type":"constant","value":""},"hidden":{"type":"constant","value":false},"text":{"type":"constant","value":"Supplier details"},"level":{"type":"constant","value":"Level 3"},"alignment":{"type":"constant","value":"left"}},"reference":"da728f34-3579-439b-81bd-45f13b2ed07b","id":"pbTitle"}],[{"type":"container","dimension":{"xs":1},"propertyValues":{"cssClasses":{"type":"constant","value":""},"hidden":{"type":"constant","value":false},"repeatedCollection":{"type":"data","value":""}},"reference":"5a0eebf6-cf8b-473a-9df9-57763df13d40","rows":[[]]},{"type":"container","dimension":{"xs":11},"propertyValues":{"cssClasses":{"type":"constant","value":""},"hidden":{"type":"constant","value":false},"repeatedCollection":{"type":"data","value":""}},"reference":"52af28d4-5f79-4203-978c-e404c4a1c7a5","rows":[[{"type":"component","dimension":{"xs":4},"propertyValues":{"cssClasses":{"type":"constant","value":""},"hidden":{"type":"constant","value":false},"text":{"type":"constant","value":"<b>Name</b>"},"alignment":{"type":"constant","value":"left"}},"reference":"f96352f7-9e0e-4ff0-a779-70464f6cd2bb","id":"pbText"},{"type":"component","dimension":{"xs":8},"propertyValues":{"cssClasses":{"type":"constant","value":""},"hidden":{"type":"constant","value":false},"text":{"type":"constant","value":"{{supplier.name}}"},"alignment":{"type":"constant","value":"left"}},"reference":"be9e2c7c-fd01-4318-b32b-71485320386f","id":"pbText"}],[{"type":"component","dimension":{"xs":4},"propertyValues":{"cssClasses":{"type":"constant","value":""},"hidden":{"type":"constant","value":false},"text":{"type":"constant","value":"<b>Description</b>"},"alignment":{"type":"constant","value":"left"}},"reference":"a9cfa98a-800b-47d5-b31c-69b1d873a810","id":"pbText"},{"type":"component","dimension":{"xs":8},"propertyValues":{"cssClasses":{"type":"constant","value":""},"hidden":{"type":"constant","value":false},"text":{"type":"constant","value":"{{supplier.description}}"},"alignment":{"type":"constant","value":"left"}},"reference":"d3c3f496-0219-4004-9ced-28b1e753707e","id":"pbText"}]]}]]}]],"assets":[],"data":{"allSuppliers":{"type":"url","value":"../API/bdm/businessData/com.company.model.Supplier?p=0&c=20&q=find","exposed":false},"supplier":{"type":"constant","exposed":false},"createSupplierProcesses":{"type":"url","value":"/bonita/API/bpm/process?c=1&p=0&f=name=Create%20supplier&o=deploymentDate","exposed":false},"getCreateSupplierUrl":{"type":"expression","value":"if ($data.createSupplierProcesses && $data.createSupplierProcesses.length) {\r\n    var process = $data.createSupplierProcesses[0];\r\n    return \"/bonita/portal/resource/process/\"+ encodeURI(process.name) +\"/\" + process.version + \"/content/?id=\" + process.id +\"&senderUrl=\"+ window.top.location.href;\r\n}","exposed":false}}}